{"figures":[{"id":"1","area":6,"perimeter":12},{"id":"2","area":12,"perimeter":14},{"id":"3","area":28.274333882308138,"perimeter":18.84955592153876}]}